Number of requests,Start Time,End Time,Throughput
40,994143678327237,994990078867421,4.725894904474465E-11Number of requests,Start Time,End Time,Throughput
62,994476826578291,995322507699250,7.331368581303101E-11