Number of requests,Start Time,End Time,Throughput
61,988173770492047,989021055843894,7.199463541654049E-11Number of requests,Start Time,End Time,Throughput
77,988555167201868,989400740758808,9.106245029545519E-11